{
  "name": "angular-messages",
  "version": "1.3.14",
  "main": "./angular-messages.js",
  "ignore": [],
  "dependencies": {
    "angular": "1.3.14"
  },
  "homepage": "https://github.com/angular/bower-angular-messages",
  "_release": "1.3.14",
  "_resolution": {
    "type": "version",
    "tag": "v1.3.14",
    "commit": "4b2dbf277da36489245bd5e209610482cfa14f5d"
  },
  "_source": "git://github.com/angular/bower-angular-messages.git",
  "_target": "~1.3.14",
  "_originalSource": "angular-messages",
  "_direct": true
}