{
  "name": "angular-resource",
  "version": "1.3.14",
  "main": "./angular-resource.js",
  "ignore": [],
  "dependencies": {
    "angular": "1.3.14"
  },
  "homepage": "https://github.com/angular/bower-angular-resource",
  "_release": "1.3.14",
  "_resolution": {
    "type": "version",
    "tag": "v1.3.14",
    "commit": "0e41d00618cd1f76d3c4d6b98e9cae312b3bf5a3"
  },
  "_source": "git://github.com/angular/bower-angular-resource.git",
  "_target": "~1.3.14",
  "_originalSource": "angular-resource",
  "_direct": true
}